{"avg": [54.072399999999995, 11.613374429223743, 10.900400000000001, 9.0878, 7.844000000000001, 6.639, 6.2756, 5.434599999999999, 5.343999999999999, 5.491, 5.021600000000001, 4.975936170212766, 4.77356170212766, 4.741475806451613, 4.5992, 4.3266, 4.4352, 4.365967123287671, 4.203338812785388, 4.3264, 4.638399999999999, 4.050609132420091, 4.4159999999999995, 4.329677419354839, 4.205, 4.370966210045662, 4.1744, 4.0896, 3.8054, 3.984501369863014, 3.860493908481492, 3.6453999999999995, 3.7875187214611876, 3.718600000000001, 3.7016684931506845, 3.9684803652968044, 3.7368, 3.6157616438356164, 3.7319981735159815, 3.680061187214611, 3.7888297872340417, 3.8114774193548384, 3.698669406392694, 3.866701369863013, 3.6305129505489164, 3.855157077625571, 3.7906, 3.8408718894009213, 3.7595068493150685, 3.7682, 3.6618000000000004], "episode": [0, 500, 1000, 1500, 2000, 2500, 3000, 3500, 4000, 4500, 5000, 5500, 6000, 6500, 7000, 7500, 8000, 8500, 9000, 9500, 10000, 10500, 11000, 11500, 12000, 12500, 13000, 13500, 14000, 14500, 15000, 15500, 16000, 16500, 17000, 17500, 18000, 18500, 19000, 19500, 20000, 20500, 21000, 21500, 22000, 22500, 23000, 23500, 24000, 24500, 25000]}