{"avg": [54.322, 8.498000000000001, 7.452, 7.2829999999999995], "episode": [0, 500, 1000, 1500]}