{"avg": [56.259, 7.776999999999998, 6.770999999999999], "episode": [0, 500, 1000]}