{"avg": [51.64199999999998, 7.732999999999999, 8.225], "episode": [0, 500, 1000]}